[
{"pk": 1, "model": "stopgame.field", "fields": {"name": "Minha sogra eh", "short_name": "MSE"}},
{"pk": 2, "model": "stopgame.field", "fields": {"name": "Parte do Corpo Humano", "short_name": "PCH"}},
{"pk": 3, "model": "stopgame.field", "fields": {"name": "Cidade Estado Pais", "short_name": "CEP"}},
{"pk": 4, "model": "stopgame.field", "fields": {"name": "Fruta", "short_name": "Fruta"}},
{"pk": 5, "model": "stopgame.field", "fields": {"name": "Aminoacido", "short_name": "Aminoacido"}},
{"pk": 6, "model": "stopgame.field", "fields": {"name": "Objeto", "short_name": "Objeto"}},
{"pk": 7, "model": "stopgame.field", "fields": {"name": "Carro", "short_name": "Carro"}},
{"pk": 8, "model": "stopgame.field", "fields": {"name": "Marca", "short_name": "Marca"}},
{"pk": 9, "model": "stopgame.field", "fields": {"name": "Nome", "short_name": "Nome"}},
{"pk": 10, "model": "stopgame.field", "fields": {"name": "Profissao", "short_name": "Profissao"}},
{"pk": 11, "model": "stopgame.field", "fields": {"name": "Esporte", "short_name": "Esporte"}},
{"pk": 12, "model": "stopgame.field", "fields": {"name": "Filme", "short_name": "Filme"}},
{"pk": 1, "model": "stopgame.letter", "fields": {"pre_selected": true, "letter": "a"}},
{"pk": 2, "model": "stopgame.letter", "fields": {"pre_selected": true, "letter": "b"}},
{"pk": 3, "model": "stopgame.letter", "fields": {"pre_selected": true, "letter": "c"}},
{"pk": 4, "model": "stopgame.letter", "fields": {"pre_selected": true, "letter": "d"}},
{"pk": 5, "model": "stopgame.letter", "fields": {"pre_selected": true, "letter": "e"}},
{"pk": 6, "model": "stopgame.letter", "fields": {"pre_selected": true, "letter": "f"}},
{"pk": 7, "model": "stopgame.letter", "fields": {"pre_selected": true, "letter": "g"}},
{"pk": 8, "model": "stopgame.letter", "fields": {"pre_selected": true, "letter": "h"}},
{"pk": 9, "model": "stopgame.letter", "fields": {"pre_selected": true, "letter": "i"}},
{"pk": 10, "model": "stopgame.letter", "fields": {"pre_selected": true, "letter": "j"}},
{"pk": 11, "model": "stopgame.letter", "fields": {"pre_selected": false, "letter": "k"}},
{"pk": 12, "model": "stopgame.letter", "fields": {"pre_selected": true, "letter": "l"}},
{"pk": 13, "model": "stopgame.letter", "fields": {"pre_selected": true, "letter": "m"}},
{"pk": 14, "model": "stopgame.letter", "fields": {"pre_selected": true, "letter": "n"}},
{"pk": 15, "model": "stopgame.letter", "fields": {"pre_selected": true, "letter": "o"}},
{"pk": 16, "model": "stopgame.letter", "fields": {"pre_selected": true, "letter": "p"}},
{"pk": 17, "model": "stopgame.letter", "fields": {"pre_selected": true, "letter": "q"}},
{"pk": 18, "model": "stopgame.letter", "fields": {"pre_selected": true, "letter": "r"}},
{"pk": 19, "model": "stopgame.letter", "fields": {"pre_selected": true, "letter": "s"}},
{"pk": 20, "model": "stopgame.letter", "fields": {"pre_selected": true, "letter": "t"}},
{"pk": 21, "model": "stopgame.letter", "fields": {"pre_selected": true, "letter": "u"}},
{"pk": 22, "model": "stopgame.letter", "fields": {"pre_selected": true, "letter": "v"}},
{"pk": 23, "model": "stopgame.letter", "fields": {"pre_selected": false, "letter": "x"}},
{"pk": 24, "model": "stopgame.letter", "fields": {"pre_selected": false, "letter": "y"}},
{"pk": 25, "model": "stopgame.letter", "fields": {"pre_selected": true, "letter": "z"}},
{"pk": 1, "model": "stopgame.gameroom", "fields": {"name": "teste", "round_number": 0, "round_duration": 120, "is_protected": false, "minimum_absolute_stop_time": 20, "password": "", "game_duration": 10, "hash_code": "d58cbb904f3611e3ba4458946b467408", "fields": [1, 2, 7]}},
{"pk": 1, "model": "stopgame.gameround", "fields": {"cur_letter": "a", "round_number": 1, "room": 1, "start_time": "2013-11-20T03:19:37-02:00"}},
{"pk": 2, "model": "stopgame.gameround", "fields": {"cur_letter": "b", "round_number": 2, "room": 1, "start_time": "2013-11-20T03:50:37-02:00"}},
{"pk": 3, "model": "stopgame.gameround", "fields": {"cur_letter": "h", "round_number": 3, "room": 1, "start_time": "2013-11-20T04:00:37-02:00"}},
{"pk": 1, "model": "stopgame.answer", "fields": {"field": 7, "roundd": 1, "player": 1, "points": 2, "ans": "amarok", "valid": true}},
{"pk": 2, "model": "stopgame.answer", "fields": {"field": 1, "roundd": 1, "player": 1, "points": 2, "ans": "acabada", "valid": true}},
{"pk": 3, "model": "stopgame.answer", "fields": {"field": 2, "roundd": 1, "player": 1, "points": 2, "ans": "abdomen", "valid": true}},
{"pk": 4, "model": "stopgame.answer", "fields": {"field": 7, "roundd": 2, "player": 1, "points": 2, "ans": "brasilia", "valid": true}},
{"pk": 5, "model": "stopgame.answer", "fields": {"field": 1, "roundd": 2, "player": 1, "points": 2, "ans": "bebada", "valid": true}},
{"pk": 6, "model": "stopgame.answer", "fields": {"field": 2, "roundd": 2, "player": 1, "points": 2, "ans": "biceps", "valid": true}},
{"pk": 1, "model": "stopgame.selection", "fields": {"already_selected": false, "game": 1, "letter": 1}},
{"pk": 2, "model": "stopgame.selection", "fields": {"already_selected": false, "game": 1, "letter": 2}},
{"pk": 3, "model": "stopgame.selection", "fields": {"already_selected": false, "game": 1, "letter": 8}},
{"pk": 4, "model": "stopgame.selection", "fields": {"already_selected": false, "game": 1, "letter": 9}},
{"pk": 5, "model": "stopgame.selection", "fields": {"already_selected": false, "game": 1, "letter": 10}},
{"pk": 6, "model": "stopgame.selection", "fields": {"already_selected": false, "game": 1, "letter": 19}},
{"pk": 2, "model": "auth.user", "fields": {"username": "teste", "first_name": "", "last_name": "", "is_active": true, "is_superuser": false, "is_staff": false, "last_login": "2013-11-17T16:35:17.641Z", "groups": [], "user_permissions": [], "password": "pbkdf2_sha256$12000$mCRjBDHlDjDa$AgJFjH2sNcLDYTzq9XzpXFtol0mTWg6Q/CkwFFm53SE=", "email": "", "date_joined": "2013-11-17T03:25:54.798Z"}},
{"pk": 1, "model": "stopgame.player", "fields": {"score": 5, "user": 2}}
]
